{
    "code":200,
    "data":{
        "datainfo": {
            "projectMenuData": [
                {
                    "text": "创新资产",
                    "value": "zc"
                },
                {
                    "text": "借啊APP",
                    "value": "ol"
                },
                {
                    "text": "借点钱",
                    "value": "jq"
                },
                {
                    "text": "微信",
                    "value": "wx"
                },
                {
                    "text": "卡牛",
                    "value": "kn"
                },
                {
                    "text": "借了吗",
                    "value": "jlm"
                },
                {
                    "text": "普惠信贷",
                    "value": "phxd"
                },
                {
                    "text": "月光侠",
                    "value": "ygx"
                }
            ],
            "pageMenuData": {
                "phxd": [
                    {
                        "children": [
                            {
                                "icon": "ph-menu-realtime",
                                "firstMenuName": "放款概览",
                                "id": "11",
                                "href": "/phxd/loan.cl",
                                "moduleId": "107101101",
                                "ischildren": "107101",
                                "key": "phxd-loan",
                                "order": 11,
                                "moduleKey": "phxd"
                            },
                            {
                                "icon": "ph-menu-realtime",
                                "firstMenuName": "进件概览",
                                "id": "9",
                                "href": "/phxd/inpiece.cl",
                                "moduleId": "107101102",
                                "ischildren": "107101",
                                "key": "phxd-inpiece",
                                "order": 10,
                                "moduleKey": "phxd"
                            },
                            {
                                "icon": "ph-menu-realtime",
                                "firstMenuName": "逾期概览",
                                "id": "10",
                                "href": "/phxd/overdue.cl",
                                "moduleId": "107101103",
                                "ischildren": "107101",
                                "key": "phxd-overdue",
                                "order": 9,
                                "moduleKey": "phxd"
                            },
                            {
                                "icon": "ph-menu-realtime",
                                "firstMenuName": "App录件",
                                "id": "13",
                                "href": "/phxd/appBook.cl",
                                "moduleId": "107101104",
                                "ischildren": "107101",
                                "key": "phxd-app",
                                "order": 8,
                                "moduleKey": "phxd"
                            }
                        ],
                        "icon": "ph-menu-realtime",
                        "text": "总览",
                        "href": "/phxd/index.cl",
                        "isChildren": "0",
                        "moduleId": "107101",
                        "key": "phxd-index",
                        "order": 12
                    }
                ],
                "wx": [
                    {
                        "children": [],
                        "icon": "ph-menu-realtime",
                        "text": "实时数据",
                        "href": "./pages/wx-realtime.html",
                        "isChildren": "0",
                        "moduleId": "104",
                        "key": "wx-realtime",
                        "order": 13
                    },
                    {
                        "children": [
                            {
                                "icon": "ph-menu-realtime",
                                "firstMenuName": "放款",
                                "id": "16",
                                "href": "./pages/wx-realtime.html",
                                "moduleId": "104103101",
                                "ischildren": "104103",
                                "key": "wxzl-loan",
                                "order": 18,
                                "moduleKey": "wx"
                            },
                            {
                                "icon": "ph-menu-realtime",
                                "firstMenuName": "用户",
                                "id": "17",
                                "href": "/wechat/wxzl/user.cl",
                                "moduleId": "104103102",
                                "ischildren": "104103",
                                "key": "wxzl-user",
                                "order": 17,
                                "moduleKey": "wx"
                            },
                            {
                                "icon": "ph-menu-realtime",
                                "firstMenuName": "批核",
                                "id": "18",
                                "href": "/wechat/wxzl/approved.cl",
                                "moduleId": "104103103",
                                "ischildren": "104103",
                                "key": "wxzl-approved",
                                "order": 16,
                                "moduleKey": "wx"
                            },
                            {
                                "icon": "ph-menu-realtime",
                                "firstMenuName": "逾期",
                                "id": "19",
                                "href": "/wechat/wxzl/overdue.cl",
                                "moduleId": "104103104",
                                "ischildren": "104103",
                                "key": "wxzl-overdue",
                                "order": 15,
                                "moduleKey": "wx"
                            }
                        ],
                        "icon": "ph-menu-realtime",
                        "text": "微信概览",
                        "href": "./pages/wx-gl.html",
                        "isChildren": "0",
                        "moduleId": "104103",
                        "key": "wxzl-index",
                        "order": 4
                    }
                ],
                "kn": [
                    {
                        "children": [
                            {
                                "icon": "ph-menu-realtime",
                                "firstMenuName": "放款",
                                "id": "21",
                                "href": "/kn/knh5zl/loan.cl",
                                "moduleId": "105102101",
                                "ischildren": "105102",
                                "key": "knh5zl-loan",
                                "order": 22,
                                "moduleKey": "kn"
                            },
                            {
                                "icon": "ph-menu-realtime",
                                "firstMenuName": "用户",
                                "id": "22",
                                "href": "/kn/knh5zl/user.cl",
                                "moduleId": "105102102",
                                "ischildren": "105102",
                                "key": "knh5zl-user",
                                "order": 21,
                                "moduleKey": "kn"
                            },
                            {
                                "icon": "ph-menu-realtime",
                                "firstMenuName": "批核",
                                "id": "23",
                                "href": "/kn/knh5zl/approved.cl",
                                "moduleId": "105102103",
                                "ischildren": "105102",
                                "key": "knh5zl-approved",
                                "order": 20,
                                "moduleKey": "kn"
                            },
                            {
                                "icon": "ph-menu-realtime",
                                "firstMenuName": "逾期",
                                "id": "24",
                                "href": "/kn/knh5zl/overdue.cl",
                                "moduleId": "105102101",
                                "ischildren": "105102",
                                "key": "knh5zl-overdue",
                                "order": 19,
                                "moduleKey": "kn"
                            }
                        ],
                        "icon": "ph-menu-realtime",
                        "text": "卡牛概览",
                        "href": "/kn/knh5zl/index.cl",
                        "isChildren": "0",
                        "moduleId": "105102",
                        "key": "knh5zl-index",
                        "order": 23
                    },
                    {
                        "children": [],
                        "icon": "ph-menu-realtime",
                        "text": "实时数据",
                        "href": "/knh5/realtime.cl",
                        "isChildren": "0",
                        "moduleId": "105",
                        "key": "kn-realtime",
                        "order": 2
                    }
                ],
                "jq": [
                    {
                        "children": [],
                        "icon": "ph-menu-realtime",
                        "text": "实时数据",
                        "href": "./pages/jq-realtime.html",
                        "isChildren": "0",
                        "moduleId": "103",
                        "key": "jq-realtime",
                        "order": 5
                    }
                ],
                "zc": [
                    {
                        "children": [],
                        "icon": "ph-menu-realtime",
                        "text": "Dashboard",
                        "href": "main.html",
                        "isChildren": "0",
                        "moduleId": "101",
                        "key": "zc-yestoday",
                        "order": 1
                    },
                    {
                        "children": [],
                        "icon": "ph-menu-realtime",
                        "text": "实时数据",
                        "href": "./pages/cxzc-realtime.html",
                        "isChildren": "0",
                        "moduleId": "102",
                        "key": "ol-realtime",
                        "order": 3
                    }
                ],
                "jlm": [
                    {
                        "children": [],
                        "icon": "ph-menu-realtime",
                        "text": "实时数据",
                        "href": "/jlm/realtime.cl",
                        "isChildren": "0",
                        "moduleId": "106",
                        "key": "jlm-realtime",
                        "order": 6
                    }
                ],
                "ygx": [
                    {
                        "children": [],
                        "icon": "ph-menu-realtime",
                        "text": "实时数据",
                        "href": "/ygx/realtime.cl",
                        "isChildren": "0",
                        "moduleId": "108101",
                        "key": "ygx-realtime",
                        "order": 30
                    }
                ],
                "ol": [
                    {
                        "children": [
                            {
                                "icon": "ph-menu-realtime",
                                "firstMenuName": "放款",
                                "id": "26",
                                "href": "/ol/jieapp/loan.cl",
                                "moduleId": "102102101",
                                "ischildren": "102102",
                                "key": "jieapp-loan",
                                "order": 28,
                                "moduleKey": "ol"
                            },
                            {
                                "icon": "ph-menu-realtime",
                                "firstMenuName": "用户",
                                "id": "27",
                                "href": "/ol/jieapp/user.cl",
                                "moduleId": "102102102",
                                "ischildren": "102102",
                                "key": "jieapp-user",
                                "order": 27,
                                "moduleKey": "ol"
                            },
                            {
                                "icon": "ph-menu-realtime",
                                "firstMenuName": "批核",
                                "id": "28",
                                "href": "/ol/jieapp/approved.cl",
                                "moduleId": "102102103",
                                "ischildren": "102102",
                                "key": "jieapp-approved",
                                "order": 26,
                                "moduleKey": "ol"
                            },
                            {
                                "icon": "ph-menu-realtime",
                                "firstMenuName": "逾期",
                                "id": "29",
                                "href": "/ol/jieapp/overdue.cl",
                                "moduleId": "102102104",
                                "ischildren": "102102",
                                "key": "jieapp-overdue",
                                "order": 25,
                                "moduleKey": "ol"
                            }
                        ],
                        "icon": "ph-menu-realtime",
                        "text": "借啊APP概览",
                        "href": "./pages/ol-gl.html",
                        "isChildren": "0",
                        "moduleId": "102102",
                        "key": "jieapp-index",
                        "order": 29
                    },
                    {
                        "children": [],
                        "icon": "ph-menu-realtime",
                        "text": "实时数据",
                        "href": "./pages/ol-realtime.html",
                        "isChildren": "0",
                        "moduleId": "102",
                        "key": "ol-realtime",
                        "order": 3
                    }
                ]
            }
        },
        "status": "ok"
    }
}